INSERT INTO public.t_users (c_user_id, c_nickname, c_public_key, c_user_info) VALUES ('e2cfa16b-c7a3-46f0-9995-22e2ae333e3e', '80e6701cacfccc7e5c0b1767a466b993', 'LS0tLS1CRUdJTiBQVUJMSUMgS0VZLS0tLS0KTUlJQ0lqQU5CZ2txaGtpRzl3MEJBUUVGQUFPQ0FnOEFNSUlDQ2dLQ0FnRUF1YXNhRHcxVnpmeTJKU3BnVTMrRApEeTB0QzVadXFNSjhOanpnQk85UEtBcVU4QXdiem1WdEY5M0tieU8xd0xSTGJySXkxR0tJVlBkd0ZwOVVuNlZ2ClJNeHIxQ0hmRHY2WFFpYUpmbjJLZ1FaQ1lDcmo4REorcG84N2FneVF3R2s2ZEpDc2ZNOHoxenNqZ3dQQkxyTHMKcHo4aWZGcGNJUkkvWDF1a3RUS1JzaHhWVkh0OGtYYjVrRDl6SUM1ekRRcVBMeVc1TnFoUFZEbU1UdnFvdG05SwpicllqSnltbi9xaTJuVGplcDNaKzFxbHp5NmdPRXF4S3pralZwd1lyMlNsbWFEQU5iT2RKanJuQVdsNHFVNXN3CnorMzRWTklkaHJTSnhXRjBRR2MzaU82UENZS29mYWVsUWJYZjI3UTF5Uk1TdTYxL0hqdmhWUWNvTnYxeTFQT2cKSllkb2xiREwwYW9pWFNXOWZOK2hHd3RmZjczdjIwemV1N3RGWWowbTViczFFd3JvK2RjUjZsQmFUUHBRZnZDLwpydWVKaHpNZzAvZ3hvTFFBakI3eTlNVnVQYTNEUFVpSVFpdktHeGtUN3ZKdlN5WGdCb29KOHZiNE16dElIb1BGCngxb3RmQ05PajhVdGlwdG4rOFFTUXZ0UXJFdklZdVpaOERnSUd1NmtRVzFEMzZhRG1iVFdra00vTUw3UmRGN20KMVpOb3JBMzFnT3JQWnByTlRQUzlxRWtTY2x4dWxoZ3VHd2ZYUEcwTlk0NVZxNlhoUW1MR0NGMFVaWHhrRXllagpXdStKVjE0ZTJRNUlzTTdtaFpOQlp5SjRxSjZ1MFQxZ0RUMnZWWDN1a1o2dmtnNlZrWDdxTFFNRDk1Z0cwZjdpCnBKMXRQWTVzMG1oTmRUSUpvODBzTk5zQ0F3RUFBUT09Ci0tLS0tRU5EIFBVQkxJQyBLRVktLS0tLQo=', '{"email": "woshishabi@gmail.com", "phone": "1145141919810"}');
INSERT INTO public.t_users (c_user_id, c_nickname, c_public_key, c_user_info) VALUES ('02c9aba4-44a0-4ddf-8cf2-70c6e5e554d7', 'd0980d66c36175e8ce960e5fe403c691', 'LS0tLS1CRUdJTiBQVUJMSUMgS0VZLS0tLS0KTUlJQ0lqQU5CZ2txaGtpRzl3MEJBUUVGQUFPQ0FnOEFNSUlDQ2dLQ0FnRUFoemdQbGY3T0tmajVLMTRpVFVWTQpqUlhldGpiVUFhWW1vUjlaU2EzOUhWVXVybUxPY0d0SXVHNzB2SUNIMTg0anVsMVovRy96L2wvOFp4RkQxb1M4CnBSRGl3SEtKUXA0MmttdmFMMW1pVGY2M1gxWWxiV2ptbm5zaktWNW9LMzZVQnRvVytsQlhIWmxyLzFLOEo2MjEKRnlmKzR6amhlbmJ1Mmp5a0ZzNy9seVhNWW9xVmpHMnpJNHhpYk5Zd0t0MDJOT21KMW1jWHhIOWdUdEpMWEFuRQpCZldYQjlTMmtZZDVCcXhTc3FxWmZ6NUsvakFzNWx2Skp6dXAyanRFZ3RJSG9tdTY5R21mbjFJTXhtZmdoN1NkCnhPWFVGY3VFV291QjdadWozWVVnQXovUTdRYlVqdERicXhsaEFOaHJ2bGNCbUpxMnhuT2liUXFISlRQUkxmeFcKRkNDdGpZQmV0a3N3em9MbUgrb2dYTjJtRnBwa05TdWYzQzdPaGtXZFdMbHZLTXU0dENkZG0yV1dyZXgxa0lXNgpIOHo4cVV3aGFZZk9LMEtYaitCcmkyTnREV3hhR1VsdHI1YTR5NnpIMnJKUDlMUmhLMlhRUGhSbGRiajNKNW5TCnVYWllTWUo2NTVGdkZKZElqc3huNktiSkdKM2xFRnJxU2hhVDdzR09ReWZMcU5WWW8ycndNRm5WMnhYVGY1MXMKNUE2L2FDNUNNckN3dnE3Qytac0Y3YU45Tis0Qy9pSnF1VG1OTmFmaGw3bmpvRlNndXJyWCsveXNJd3UxR0dnTQpXS05qUXNRSytOOVgxcE1MOWFvR2F6dXRET3ZlTXNtMnl2dU81alNZRzRiWFM0VFA1c3dmbHYyY3NpeUR4aXNpCmt6V2RFUHM3bUhQditsbzNRdU9jTEFNQ0F3RUFBUT09Ci0tLS0tRU5EIFBVQkxJQyBLRVktLS0tLQo=', '{"email": "wocaonima@gmail.com", "phone": "24242424"}');

INSERT INTO public.t_user_friends(c_user_id, c_friend_id, c_status) VALUES ('e2cfa16b-c7a3-46f0-9995-22e2ae333e3e', '02c9aba4-44a0-4ddf-8cf2-70c6e5e554d7', 'accepted');
INSERT INTO public.t_user_friends(c_user_id, c_friend_id, c_status) VALUES ('02c9aba4-44a0-4ddf-8cf2-70c6e5e554d7', 'e2cfa16b-c7a3-46f0-9995-22e2ae333e3e', 'accepted');

INSERT INTO public.t_permissions (c_permission_id, c_description) VALUES (1, 'Permission 1');
INSERT INTO public.t_permissions (c_permission_id, c_description) VALUES (2, 'Permission 2');
INSERT INTO public.t_permissions (c_permission_id, c_description) VALUES (3, 'Permission 3');

INSERT INTO public.t_servers (c_server_id, c_description, c_name, c_owner_id, c_create_time, c_icon_url, c_is_active, c_is_private) VALUES ('fdad3e5e-818d-4201-8b07-4734da71d9b7', '傻逼', 'hololive', 'e2cfa16b-c7a3-46f0-9995-22e2ae333e3e', 1713630327, null, true, true);
INSERT INTO public.t_servers (c_server_id, c_description, c_name, c_owner_id, c_create_time, c_icon_url, c_is_active, c_is_private) VALUES ('b0e98cf2-c35f-4180-a61b-96fde10f48ff', '横山爱好者频道', '如龙频道', 'e2cfa16b-c7a3-46f0-9995-22e2ae333e3e', 1714063934, null, true, true);

INSERT INTO public.t_roles (c_role_id, c_server_id, c_name, c_permissions) VALUES ('bdabb221-ebe9-478d-bb42-86578cb2e4c0', 'fdad3e5e-818d-4201-8b07-4734da71d9b7', '服务器拥有者', '[1, 2, 3]');
INSERT INTO public.t_roles (c_role_id, c_server_id, c_name, c_permissions) VALUES ('720712a3-8eb0-421e-a269-776bac5c5dd2', 'fdad3e5e-818d-4201-8b07-4734da71d9b7', '普通成员', '[1]');
INSERT INTO public.t_roles (c_role_id, c_server_id, c_name, c_permissions) VALUES ('dd531822-99bf-4bd7-aae9-14aa341d6514', 'b0e98cf2-c35f-4180-a61b-96fde10f48ff', '服务器拥有者', '[1, 2, 3]');
INSERT INTO public.t_roles (c_role_id, c_server_id, c_name, c_permissions) VALUES ('8d24e43c-ad94-4344-8e35-167ee60935d5', 'b0e98cf2-c35f-4180-a61b-96fde10f48ff', '普通成员', '[1]');


INSERT INTO public.t_server_members (c_id, c_server_id, c_user_id, c_roles) VALUES ('b8dc425a-f238-4bf6-85cc-e17c27833a63', 'fdad3e5e-818d-4201-8b07-4734da71d9b7', 'e2cfa16b-c7a3-46f0-9995-22e2ae333e3e', '["bdabb221-ebe9-478d-bb42-86578cb2e4c0"]');
INSERT INTO public.t_server_members (c_id, c_server_id, c_user_id, c_roles) VALUES ('070e0b27-de71-4dd2-af69-a562d2b1825b', 'fdad3e5e-818d-4201-8b07-4734da71d9b7', '02c9aba4-44a0-4ddf-8cf2-70c6e5e554d7', '["720712a3-8eb0-421e-a269-776bac5c5dd2"]');
INSERT INTO public.t_server_members (c_id, c_server_id, c_user_id, c_roles) VALUES ('cdc4676e-8266-4239-b538-7c2c2cf7999c', 'b0e98cf2-c35f-4180-a61b-96fde10f48ff', 'e2cfa16b-c7a3-46f0-9995-22e2ae333e3e', '["dd531822-99bf-4bd7-aae9-14aa341d6514"]');


INSERT INTO public.t_channel_groups (c_group_id, c_server_id, c_group_name) VALUES ('97096b43-2de4-43ac-9024-ebb63ed3ec1e', 'fdad3e5e-818d-4201-8b07-4734da71d9b7', '文字频道分组');
INSERT INTO public.t_channel_groups (c_group_id, c_server_id, c_group_name) VALUES ('680c0836-58c4-43fb-8fb8-23a2103ffcdd', 'fdad3e5e-818d-4201-8b07-4734da71d9b7', '语音频道分组');
INSERT INTO public.t_channel_groups (c_group_id, c_server_id, c_group_name) VALUES ('f511c852-61ee-46d0-9c84-a49c8a9b2caf', 'b0e98cf2-c35f-4180-a61b-96fde10f48ff', '文字频道分组');
INSERT INTO public.t_channel_groups (c_group_id, c_server_id, c_group_name) VALUES ('59f05e0e-b0ac-4fa4-b327-a7a48c2cecc9', 'b0e98cf2-c35f-4180-a61b-96fde10f48ff', '语音频道分组');


INSERT INTO public.t_channels (c_channel_id, c_group_id, c_name, c_type, c_description, c_create_by, c_create_time) VALUES ('aa6cd21b-7080-4e65-9059-8a6a8c303cbb', '97096b43-2de4-43ac-9024-ebb63ed3ec1e', '默认文字频道', 'text', '这是一个文字频道', 'e2cfa16b-c7a3-46f0-9995-22e2ae333e3e', 1713630328);
INSERT INTO public.t_channels (c_channel_id, c_group_id, c_name, c_type, c_description, c_create_by, c_create_time) VALUES ('0362e80c-839b-4ee6-9e77-c2cb6668c961', '680c0836-58c4-43fb-8fb8-23a2103ffcdd', '默认语音频道', 'voice', '这是一个语音频道', 'e2cfa16b-c7a3-46f0-9995-22e2ae333e3e', 1713630328);
INSERT INTO public.t_channels (c_channel_id, c_group_id, c_name, c_type, c_description, c_create_by, c_create_time) VALUES ('ff8bbfd2-a051-4791-abf6-4985b59b645a', 'f511c852-61ee-46d0-9c84-a49c8a9b2caf', '默认文字频道', 'text', '这是一个文字频道', 'e2cfa16b-c7a3-46f0-9995-22e2ae333e3e', 1714063936);
INSERT INTO public.t_channels (c_channel_id, c_group_id, c_name, c_type, c_description, c_create_by, c_create_time) VALUES ('15af977e-fb02-4a9c-88d4-b70e001ad7cd', '59f05e0e-b0ac-4fa4-b327-a7a48c2cecc9', '默认语音频道', 'voice', '这是一个语音频道', 'e2cfa16b-c7a3-46f0-9995-22e2ae333e3e', 1714063936);


INSERT INTO public.t_channel_chats (c_chat_id, c_channel_id, c_status) VALUES ('2aad344b-30d3-4af4-81ae-64f193fddbda', 'aa6cd21b-7080-4e65-9059-8a6a8c303cbb', 0);
INSERT INTO public.t_channel_chats (c_chat_id, c_channel_id, c_status) VALUES ('6119b821-8b66-4548-b6e2-cf00cfbbf224', 'aa6cd21b-7080-4e65-9059-8a6a8c303cbb', 0);
INSERT INTO public.t_channel_chats (c_chat_id, c_channel_id, c_status) VALUES ('9c9f1f7a-673f-45aa-88c1-2a9052f0a5bd', 'aa6cd21b-7080-4e65-9059-8a6a8c303cbb', 0);
INSERT INTO public.t_channel_chats (c_chat_id, c_channel_id, c_status) VALUES ('4ee9ae41-3458-4e85-919d-cf54087d241a', 'aa6cd21b-7080-4e65-9059-8a6a8c303cbb', 0);
INSERT INTO public.t_channel_chats (c_chat_id, c_channel_id, c_status) VALUES ('8f33a6b4-4c0c-4c39-b381-9faa1796907a', 'aa6cd21b-7080-4e65-9059-8a6a8c303cbb', 0);
